{
  "baseD": {
    "0.33C": {
      "R3m": {
        "voltage_v": 3.014999999999989,
        "dqdv_ah_per_v": -0.011449999999926378
      },
      "C2m": {
        "voltage_v": 3.6549999999999754,
        "dqdv_ah_per_v": -0.007633333333397248
      }
    },
    "1C": {
      "R3m": {
        "voltage_v": 2.96499999999999,
        "dqdv_ah_per_v": -0.011209677419390192
      },
      "C2m": {
        "voltage_v": 3.6049999999999764,
        "dqdv_ah_per_v": -0.007722222222207244
      }
    }
  },
  "D100slow": {
    "0.33C": {
      "R3m": {
        "voltage_v": 3.0349999999999886,
        "dqdv_ah_per_v": -0.012722222222026916
      },
      "C2m": {
        "voltage_v": 3.634999999999976,
        "dqdv_ah_per_v": -0.004978260869540463
      }
    },
    "1C": {
      "R3m": {
        "voltage_v": 2.96499999999999,
        "dqdv_ah_per_v": -0.012392857142899281
      },
      "C2m": {
        "voltage_v": 3.574999999999977,
        "dqdv_ah_per_v": -0.0023686006825930257
      }
    }
  }
}