{
  "truth_model": "PyBaMM DFN (half-cell, 2-phase positive)",
  "fit_model": "PyBaMM SPMe (half-cell, 2-phase positive)",
  "note": "model-form mismatch: DFN truth \u2192 SPMe fit",
  "final_loss": 0.00709445311334491,
  "estimated": {
    "loss": 0.00709445311334491,
    "frac_R3m": 0.520941,
    "frac_C2m": 0.479059,
    "log10_D_R3m": -16.3835,
    "D_R3m_m2_s": 4.134930353463232e-17,
    "log10_R_R3m": -6.5794,
    "R_R3m_m": 2.6336614734648397e-07,
    "log10_D_C2m": -18.5131,
    "D_C2m_m2_s": 3.0684758228235897e-19,
    "log10_R_C2m": -6.9268,
    "R_C2m_m": 1.1836787533304008e-07,
    "R3m_center_v": 3.6327,
    "R3m_sigma_v": 0.061,
    "C2m_center_v": 3.1588,
    "C2m_sigma_v": 0.1781,
    "log10_contact_R": -4.4831
  },
  "true": {
    "frac_R3m": 0.4,
    "log10_D_R3m": -16.30102999566398,
    "log10_R_R3m": -6.823908740944319,
    "log10_D_C2m": -18.30102999566398,
    "log10_R_C2m": -6.823908740944319,
    "R3m_center_v": 3.7,
    "R3m_sigma_v": 0.1,
    "C2m_center_v": 3.2,
    "C2m_sigma_v": 0.15
  },
  "errors": {
    "frac_R3m": 0.1209,
    "log10_D_R3m": -0.0825,
    "log10_D_C2m": -0.2121,
    "R3m_center_v": -0.0673,
    "R3m_sigma_v": -0.039,
    "C2m_center_v": -0.0412,
    "C2m_sigma_v": 0.0281
  }
}