{
  "loss": 0.0010576187982312517,
  "frac_R3m": 0.683128,
  "frac_C2m": 0.316872,
  "log10_D_R3m": -17.0819,
  "D_R3m_m2_s": 8.280584627240168e-18,
  "log10_D_C2m": -16.0631,
  "D_C2m_m2_s": 8.647209879120665e-17,
  "log10_R_R3m": -6.8688,
  "R_R3m_m": 1.352670441673186e-07,
  "log10_R_C2m": -5.8634,
  "R_C2m_m": 1.36971117804684e-06,
  "ocp_R3m": {
    "b0": 4.5192,
    "b1": -1.5304,
    "amps": [
      0.34584,
      0.1094,
      -0.48759,
      0.24924,
      -0.4973
    ],
    "centers": [
      0.66448,
      0.48216,
      0.95,
      0.94137,
      0.06031
    ],
    "widths": [
      0.42043,
      0.45406,
      0.02499,
      0.01317,
      0.02912
    ]
  },
  "ocp_C2m": {
    "b0": 3.5106,
    "b1": -1.0022,
    "amps": [
      0.49697,
      0.13592,
      -0.39014,
      -0.10234,
      -0.24259
    ],
    "centers": [
      0.23155,
      0.34649,
      0.39112,
      0.87482,
      0.73896
    ],
    "widths": [
      0.48396,
      0.47833,
      0.09211,
      0.26823,
      0.33241
    ]
  },
  "log10_contact_R": -2.1751
}