{
  "model": "effective 2-phase SPM (FallbackA) vs native 2-phase truth",
  "final_loss": 0.0010576187982312517,
  "parameters": {
    "frac_R3m": {
      "estimated": 0.6831,
      "true": 0.3333333333
    },
    "log10_D_R3m": {
      "estimated": -17.082,
      "true": -16.338
    },
    "log10_D_C2m": {
      "estimated": -16.063,
      "true": -18.0
    },
    "log10_R_R3m": {
      "estimated": -6.869,
      "true": -6.824
    },
    "log10_R_C2m": {
      "estimated": -5.863,
      "true": -6.824
    }
  },
  "effective_D": {
    "estimated": 3.305728610340456e-17,
    "true": 1.595169999999996e-17,
    "ratio": 2.0723362465069326
  }
}